id,name,century,start,end,duration
century_0800_0899,09th century,9,800,899,100
century_0875_0899,9th century (875-900),9,875,899,25
century_0900_0924,10th century (900-925),10,900,924,25
century_0900_0949,10th century (1st half),10,900,949,50
century_0900_0999,10th century,10,900,999,100
century_0925_0949,10th century (925-950),10,925,949,25
century_0950_0974,10th century (950-975),10,950,974,25
century_0950_0999,10th century (2nd half),10,950,999,50
century_0975_0999,10th century (975-1000),10,975,999,25
century_1000_1024,11th century (1000-1025),11,1000,1024,25
century_1000_1049,11th century (1st half),11,1000,1049,50
century_1000_1099,11th century,11,1000,1099,100
century_1025_1049,11th century (1025-1050),11,1025,1049,25
century_1050_1074,11th century (1050-1075),11,1050,1074,25
century_1050_1099,11th century (2nd half),11,1050,1099,50
century_1075_1099,11th century (1075-1100),11,1075,1099,25
century_1100_1124,12th century (1100-1125),12,1100,1124,25
century_1100_1149,12th century (1st half),12,1100,1149,50
century_1100_1199,12th century,12,1100,1199,100
century_1125_1149,12th century (1125-1150),12,1125,1149,25
century_1150_1174,12th century (1150-1175),12,1150,1174,25
century_1150_1199,12th century (2nd half),12,1150,1199,50
century_1175_1199,12th century (1175-1200),12,1175,1199,25
century_1200_1224,13th century (1200-1225),13,1200,1224,25
century_1200_1249,13th century (1st half),13,1200,1249,50
century_1200_1299,13th century,13,1200,1299,100
century_1225_1249,13th century (1225-1250),13,1225,1249,25
century_1250_1274,13th century (1250-1275),13,1250,1274,25
century_1250_1299,13th century (2nd half),13,1250,1299,50
century_1275_1299,13th century (1275-1300),13,1275,1299,25
century_1300_1324,14th century (1300-1325),14,1300,1324,25
century_1300_1349,14th century (1st half),14,1300,1349,50
century_1300_1399,14th century,14,1300,1399,100
century_1325_1349,14th century (1325-1350),14,1325,1349,25
century_1350_1374,14th century (1350-1375),14,1350,1374,25
century_1350_1399,14th century (2nd half),14,1350,1399,50
century_1375_1399,14th century (1375-1400),14,1375,1399,25
century_1400_1424,15th century (1400-1425),15,1400,1424,25
century_1400_1449,15th century (1st half),15,1400,1449,50
century_1400_1499,15th century,15,1400,1499,100
century_1425_1449,15th century (1425-1450),15,1425,1449,25
century_1450_1474,15th century (1450-1475),15,1450,1474,25
century_1450_1499,15th century (2nd half),15,1450,1499,50
century_1475_1499,15th century (1475-1500),15,1475,1499,25
century_1500_1524,16th century (1500-1525),16,1500,1524,25
century_1500_1549,16th century (1st half),16,1500,1549,50
century_1500_1599,16th century,16,1500,1599,100
century_1525_1549,16th century (1525-1550),16,1525,1549,25
century_1550_1574,16th century (1550-1575),16,1550,1574,25
century_1550_1599,16th century (2nd half),16,1550,1599,50
century_1575_1599,16th century (1575-1600),16,1575,1599,25
century_1600_1624,17th century (1600-1625),17,1600,1624,25
century_1600_1649,17th century (1st half),17,1600,1649,50
century_1600_1699,17th century,17,1600,1699,100
