id,family_name,drupal_path
indexer_001,Altstatt,http://cantus.uwaterloo.ca/indexer/124108
indexer_002,Bain,http://cantus.uwaterloo.ca/indexer/588667
indexer_003,Bernagiewicz,http://cantus.uwaterloo.ca/indexer/588689
indexer_004,Bezuidenhout,http://cantus.uwaterloo.ca/indexer/124111
indexer_005,Boonstra,http://cantus.uwaterloo.ca/indexer/672029
indexer_006,Bower,http://cantus.uwaterloo.ca/indexer/136680
indexer_007,"Boyce, O. Carm.",http://cantus.uwaterloo.ca/indexer/588683
indexer_008,Boynton,http://cantus.uwaterloo.ca/indexer/690701
indexer_009,Brink,http://cantus.uwaterloo.ca/indexer/124109
indexer_010,Brišar,http://cantus.uwaterloo.ca/indexer/588698
indexer_011,Brusa,http://cantus.uwaterloo.ca/indexer/588661
indexer_012,Campbell,http://cantus.uwaterloo.ca/indexer/588682
indexer_013,Carter,http://cantus.uwaterloo.ca/indexer/588664
indexer_014,Cizmic,http://cantus.uwaterloo.ca/indexer/588687
indexer_015,Collamore,http://cantus.uwaterloo.ca/indexer/588684
indexer_016,Culshaw,http://cantus.uwaterloo.ca/indexer/675707
indexer_017,Czernin,http://cantus.uwaterloo.ca/indexer/588663
indexer_018,Davis,http://cantus.uwaterloo.ca/indexer/124106
indexer_019,Denk,http://cantus.uwaterloo.ca/indexer/675706
indexer_020,Dietz,http://cantus.uwaterloo.ca/indexer/588675
indexer_021,Downey,http://cantus.uwaterloo.ca/indexer/124107
indexer_022,Eben,http://cantus.uwaterloo.ca/indexer/136676
indexer_023,Edwards,http://cantus.uwaterloo.ca/indexer/588695
indexer_024,Evans,http://cantus.uwaterloo.ca/indexer/588676
indexer_025,Falconer,http://cantus.uwaterloo.ca/indexer/588697
indexer_026,Fir,http://cantus.uwaterloo.ca/indexer/588699
indexer_027,Gallo,http://cantus.uwaterloo.ca/indexer/588693
indexer_028,Glaeske,http://cantus.uwaterloo.ca/indexer/124105
indexer_029,Haggh-Huglo,http://cantus.uwaterloo.ca/indexer/588299
indexer_030,Hammond,http://cantus.uwaterloo.ca/indexer/588678
indexer_031,Hardeman,http://cantus.uwaterloo.ca/indexer/588679
indexer_032,Helsen,http://cantus.uwaterloo.ca/indexer/124110
indexer_033,Ho,http://cantus.uwaterloo.ca/indexer/588670
indexer_034,Ho,http://cantus.uwaterloo.ca/indexer/588668
indexer_035,Ignesti,http://cantus.uwaterloo.ca/indexer/670808
indexer_036,Izbicki,http://cantus.uwaterloo.ca/indexer/588688
indexer_037,Jones,http://cantus.uwaterloo.ca/indexer/672031
indexer_038,Kam,http://cantus.uwaterloo.ca/indexer/588669
indexer_039,Kidwell,http://cantus.uwaterloo.ca/indexer/588694
indexer_040,Kjaergaard,http://cantus.uwaterloo.ca/indexer/588677
indexer_041,Klassen,http://cantus.uwaterloo.ca/indexer/672023
indexer_042,Klugseder,http://cantus.uwaterloo.ca/indexer/588665
indexer_043,Lacoste,http://cantus.uwaterloo.ca/indexer/124104
indexer_044,Lander,http://cantus.uwaterloo.ca/indexer/677892
indexer_045,Li,http://cantus.uwaterloo.ca/indexer/690695
indexer_046,Livljanic,http://cantus.uwaterloo.ca/indexer/588696
indexer_047,McIntosh,http://cantus.uwaterloo.ca/indexer/690696
indexer_048,McSherry,http://cantus.uwaterloo.ca/indexer/672025
indexer_049,Metzinger,http://cantus.uwaterloo.ca/indexer/588660
indexer_050,Mitchell,http://cantus.uwaterloo.ca/indexer/588662
indexer_051,Nelson,http://cantus.uwaterloo.ca/indexer/677729
indexer_052,Olexy,http://cantus.uwaterloo.ca/indexer/588692
indexer_053,Oliver-Cormier,http://cantus.uwaterloo.ca/indexer/690700
indexer_054,Olson,http://cantus.uwaterloo.ca/indexer/672024
indexer_055,Pfisterer,http://cantus.uwaterloo.ca/indexer/670811
indexer_056,Rice,http://cantus.uwaterloo.ca/indexer/588691
indexer_057,Robb,http://cantus.uwaterloo.ca/indexer/690697
indexer_058,Robinson,http://cantus.uwaterloo.ca/indexer/690698
indexer_059,Sanda,http://cantus.uwaterloo.ca/indexer/649449
indexer_060,Sander,http://cantus.uwaterloo.ca/indexer/588671
indexer_061,Shaw,http://cantus.uwaterloo.ca/indexer/670827
indexer_062,Smith,http://cantus.uwaterloo.ca/indexer/675415
indexer_063,Snoj,http://cantus.uwaterloo.ca/indexer/588690
indexer_064,Swanson,http://cantus.uwaterloo.ca/indexer/670813
indexer_065,Tiede,http://cantus.uwaterloo.ca/indexer/672140
indexer_066,Weerasinghe,http://cantus.uwaterloo.ca/indexer/690699
indexer_067,Whitley,http://cantus.uwaterloo.ca/indexer/690694
indexer_068,Zhang,http://cantus.uwaterloo.ca/indexer/672027
indexer_069,Zhang,http://cantus.uwaterloo.ca/indexer/670814
indexer_070,de Loos,http://cantus.uwaterloo.ca/indexer/588674
