id,name
notation_01,Dutch Rheinmass (Lotharingia)
notation_02,Dutch Rheinmass - diastematic
notation_03,Dutch Rheinmass - neumatic
notation_04,Dutch Rheinmass - sine neumis
notation_05,Dutch Rheinmass - square
notation_06,English - neumatic
notation_07,English - sine neumis
notation_08,English - square
notation_09,French - diastematic
notation_10,French - neumatic
notation_11,French - sine neumes
notation_12,French - square
notation_13,French Aquitanian
notation_14,French Aquitanian - sine neumis
notation_15,German - diastematic Hufnagel
notation_16,German - neumatic
notation_17,German - sine neumis
notation_18,German - square
notation_19,Italian - diastematic
notation_20,Italian - neumatic
notation_21,Italian - sine neumis
notation_22,Italian - square
notation_23,Italian Beneventan
notation_24,Notation
notation_25,Print
notation_26,drh (???)
notation_27,dtrns (???)
notation_28,f-ord. (???)
notation_29,fl (???)
notation_30,fld (???)
notation_31,fln (???)
notation_32,fmn (???)
notation_33,fna (???)
notation_34,fnb (???)
notation_35,fnl
notation_36,ftrns (???)
notation_37,i(ns) (???)
notation_38,i(nsn) (???)
notation_39,id (???)
notation_40,sa (???)
