id,name
provenance_001,Aachen
provenance_002,Abdij ban Berne
provenance_003,Albi
provenance_004,Almkerk
provenance_005,Altenberg an der Lahn
provenance_006,Amersfoort
provenance_007,Amsterdam
provenance_008,Anchin
provenance_009,Andechs
provenance_010,Angers
provenance_011,Aquitania
provenance_012,Arezzo
provenance_013,Arnhem
provenance_014,Arras
provenance_015,Attel
provenance_016,Augsburg
provenance_017,Autun
provenance_018,Auxerre diocese
provenance_019,Bamberg
provenance_020,Barnwell
provenance_021,Bellelay Abbey
provenance_022,Benediktbeuern
provenance_023,Benevento
provenance_024,Bobbio
provenance_025,Bologna
provenance_026,Brescia
provenance_027,Brittany
provenance_028,Burgos (?)
provenance_029,Cambrai
provenance_030,Cappella Palatina in Palermo
provenance_031,Catania
provenance_032,Cathedral of Braga
provenance_033,Chartres
provenance_034,Chelles
provenance_035,Chiavenna
provenance_036,Cividale
provenance_037,Coimbra?
provenance_038,Colmar
provenance_039,Compiègne
provenance_040,Delft
provenance_041,Dijon
provenance_042,Dominican
provenance_043,Dublin
provenance_044,Ebersberg
provenance_045,Echternach
provenance_046,Eichstätt
provenance_047,Einsiedeln
provenance_048,Engelberg
provenance_049,English
provenance_050,Erfurt
provenance_051,Esztergom
provenance_052,Firenze
provenance_053,Fleury-sur-Loire
provenance_054,Fontevrault
provenance_055,Forlimpopoli
provenance_056,France
provenance_057,"France, South"
provenance_058,Franciscan
provenance_059,Franciscan nuns at Sankt-Georgen
provenance_060,Germany
provenance_061,Germany (south)
provenance_062,Gersten
provenance_063,Ghent
provenance_064,Gosnay (Arras)
provenance_065,Haarlem
provenance_066,Hessen
provenance_067,Hildesheim
provenance_068,Hilwartshausen
provenance_069,Holland
provenance_070,Innichen
provenance_071,Italy
provenance_072,Ittingen
provenance_073,Jumièges
provenance_074,Kielce
provenance_075,Kirnberg
provenance_076,Klosterneuburg
provenance_077,Kraków
provenance_078,Kranj
provenance_079,Kremsmünster
provenance_080,Köln
provenance_081,Lambach Abbey
provenance_082,Laon
provenance_083,Lavanthal
provenance_084,Lichtenthal
provenance_085,Limoges
provenance_086,Lorsch
provenance_087,Lowlands
provenance_088,Lubiąż
provenance_089,Maastericht
provenance_090,Mainz
provenance_091,Mans
provenance_092,Mantova
provenance_093,Marchiennes
provenance_094,Marseille
provenance_095,Melk
provenance_096,Metz
provenance_097,Milan
provenance_098,Modena
provenance_099,Moissac
provenance_100,MonteCassino
provenance_101,Monza
provenance_102,Moosburg
provenance_103,Muenster
provenance_104,München
provenance_105,Namur
provenance_106,Neresheim
provenance_107,"Netherlands, North"
provenance_108,"Netherlands, South"
provenance_109,Nevers
provenance_110,Nidaros
provenance_111,Niederaltaich
provenance_112,Nonantola
provenance_113,Normandy
provenance_114,Novalesa
provenance_115,Ober Alteich
provenance_116,Oostgeester kloosterboek of Kerkboek
provenance_117,Osterhofen
provenance_118,Ottobeuren
provenance_119,Padova
provenance_120,Palermo Cathedral
provenance_121,Paris
provenance_122,Passau
provenance_123,Pavia
provenance_124,Piacenza
provenance_125,Pistoia
provenance_126,Poissy-St Louis
provenance_127,Pozzeveri
provenance_128,Prague
provenance_129,"Prague, St. George Monastery"
provenance_130,Prais
provenance_131,Prüfening bei Regensburg
provenance_132,Prüm
provenance_133,Quedlinburg
provenance_134,Quesnat en Barbant
provenance_135,Rasdorf
provenance_136,Ravenna
provenance_137,Regensburg
provenance_138,Reichenau
provenance_139,Reims
provenance_140,Rein
provenance_141,Rhein-Maas
provenance_142,Rheinau
provenance_143,Rheinland
provenance_144,Rijnsburg (Leiden)
provenance_145,Roma
provenance_146,Rome
provenance_147,Rouen
provenance_148,Rupertsberg
provenance_149,S. Orso
provenance_150,Saint-Amand
provenance_151,Salamanca
provenance_152,Salzburg
provenance_153,Salzinnes
provenance_154,Sankt-Gallen
provenance_155,Sarisburiense
provenance_156,Schaffhausen
provenance_157,Schäftlarn
provenance_158,Seckau
provenance_159,Seeon
provenance_160,Sens
provenance_161,Slovakia
provenance_162,Southern Germany / Austria
provenance_163,Spain
provenance_164,St-Florian
provenance_165,St-Lambrecht
provenance_166,St-Martial
provenance_167,St-Maur-des-Fossés
provenance_168,St. Albans
provenance_169,St. Amand
provenance_170,St. Blasius
provenance_171,St. Denis
provenance_172,St. Emmeram
provenance_173,St. Evoult
provenance_174,St. Gallen
provenance_175,St. Lambrecht (Steiermark)
provenance_176,St. Martial
provenance_177,St. Martial de Limoges
provenance_178,St. Moritz
provenance_179,St. Pölten
provenance_180,St. Taurin
provenance_181,St. Yrieux
provenance_182,Stavelot
provenance_183,Tavèrnoles
provenance_184,Tegernsee
provenance_185,Toledo
provenance_186,Tongeren
provenance_187,Tongerloo
provenance_188,Toul
provenance_189,Tour or Fleury
provenance_190,Tours
provenance_191,Trier
provenance_192,Trier region
provenance_193,Troyes
provenance_194,Unterdorf
provenance_195,Utrecht
provenance_196,Utrecht
provenance_197,Vallombrosa
provenance_198,Venezia
provenance_199,Venice
provenance_200,Vercelli
provenance_201,Vercelli
provenance_202,"Vercelli, Cathedral of St. Eusebius"
provenance_203,Verdun
provenance_204,Vienna
provenance_205,Vorau
provenance_206,Wales
provenance_207,Weingarten
provenance_208,Westminster
provenance_209,Winchester
provenance_210,Wittlich
provenance_211,Worcester
provenance_212,Wrocław
provenance_213,Würzburg
provenance_214,Xanten
provenance_215,York
provenance_216,Zutphen
provenance_217,Zwiefalten
provenance_218,d’Arras
provenance_219,s’Hertogenbosch
