id,name,description
siglum_001,A-Gu 1584,"Graz, Universitätsbibliothek 1584"
siglum_002,A-Gu 17,"Graz, Universitätsbibliothek  Cod. 17  (37/9 f.)"
siglum_003,A-Gu 281,"Graz, Universitatsbibliothek 281"
siglum_004,A-Gu 29,"Graz, Universitätsbibliothek, 29 (olim 38/8 f.)"
siglum_005,A-Gu 30,"Graz, Universitätsbibliothek, 30 (olim 38/9 f.)"
siglum_006,A-Gu 479,"Graz, Universitätsbibliothek 479"
siglum_007,A-Gu 761,"Graz, Universitatsbibliothek 761"
siglum_008,A-Gu 767,"Graz, Universitätsbibliothek 767"
siglum_009,A-Gu 769,"Graz, Universitätsbibliothek 769"
siglum_010,A-Gu Ms. 211,"Graz, Universitätsbibliothek, Ms. 211; Antiphonale ""Codex Albensis"""
siglum_011,A-KN 1010,"Klosterneuburg, Augustiner-Chorherrenstift - Bibliothek, 1010"
siglum_012,A-KN 1011,"Klosterneuburg, Augustiner-Chorherrenstift - Bibliothek, 1011"
siglum_013,A-KN 1012,"Klosterneuburg, Augustiner-Chorherrenstift - Bibliothek, 1012"
siglum_014,A-KN 1013,"Klosterneuburg, Augustiner-Chorherrenstift - Bibliothek, 1013"
siglum_015,A-KN 1015,"Klosterneuburg, Augustiner-Chorherrenstift - Bibliothek, 1015"
siglum_016,A-KN 1017,"Klosterneuburg, Augustiner-Chorherrenstift - Bibliothek, 1017"
siglum_017,A-KN 1018,"Klosterneuburg, Augustiner-Chorherrenstift - Bibliothek, 1018"
siglum_018,A-KN 588,"Klosterneuburg, Stiftsbibliothek 588"
siglum_019,A-KN 589,"Klosterneuburg, Augustiner-Chorherrenstift - Bibliothek, 589"
siglum_020,A-KR VI/258,"Kremsmünster, Benediktiner-Stift Kremsmünster - Musikarchiv, Schachtel VI/258"
siglum_021,A-LIs 290,"Linz, Oberösterreichische Landesbibliothek, 290 (olim 183; Gamma p.19)"
siglum_022,A-Lol 286,"Linz, Oberösterreichische Landesbibliothek, 286"
siglum_023,A-Lol 466,"Linz, Oberösterreichische Landesbibliothek, 466"
siglum_024,A-Lol 466b,"Linz, Oberösterreichische Landesbibliothek, 466 - ff. 234-254"
siglum_025,A-Ms-109,"Melk, Stiftsbibliothek 109 (olim 1056)"
siglum_026,A-SF XI 480,"Sankt Florian, Augustiner-Chorherrenstift - Bibliothek und Musikarchiv, XI 480"
siglum_027,A-VO 121,"Vorau, Stiftsbibliothek, 121 (XXX)"
siglum_028,A-VO 177,"Vorau, Stiftsbibliothek, 177 (XC)"
siglum_029,A-VO 303,"Vorau, Stiftsbibliothek, 303 (XXXVII)"
siglum_030,A-VOR 287,"Vorau, Stiftsbibliothek, 287 (olim XXIX)"
siglum_031,A-Wda C-10,"Wien, Diözesanarchiv, C-10"
siglum_032,A-Wda C-11,"Wien, Diözesanarchiv, C-11"
siglum_033,A-Wda D-4,"Wien, Diözesanarchiv, D-4"
siglum_034,A-Wn 1043,"Wien, Österreichische Nationalbibliothek, Cpv 1043"
siglum_035,A-Wn 13314,"Wien, Österreichische Nationalbibliothek, Cpv 13 314"
siglum_036,A-Wn 1799**,"Wien, Österreichische Nationalbibliothek - Handschriftensammlung, 1799**"
siglum_037,A-Wn 1845,"Wien, Österreichische Nationalbibliothek, Cpv 1845"
siglum_038,A-Wn 1890,"Wien, Österreichische Nationalbibliothek - Musiksammlung, 1890"
siglum_039,A-Wn sn2700,"Wien, Österreichische Nationalbibliothek,  Ser. Nov. 2700"
siglum_040,AA Impr. 1495,"Augsburg Antiphoner (1495); London, British Library, printed book IB. 6753"
siglum_041,AA test source,Testing source
siglum_042,AUS-Msl 096.1/R66A,The Poissy Antiphonal
siglum_043,AUS-Sfl Add. Ms. 413,"Sydney, University of Sydney, Fisher Library, Rare Books & Special Collections, Add. Ms. 413 (olim Add. Ms. Fol.1)"
siglum_044,AUS-Sfl Add.Ms. 327,"Sydney, University of Sydney, Fisher Library, Rare Books & Special Collections, Add.Ms. 327"
siglum_045,AUS-Sfl Add.Ms. 376,"Sydney, University of Sydney Fisher Library, Rare Books & Special Collections, Add.Ms. 376"
siglum_046,AUS-Sfl Add.Ms. 379,"Sydney, University of Sydney, Fisher Library, Rare Books & Special Collections, Add.Ms. 379"
siglum_047,AUS-Sfl Add.Ms.380,"Sydney, The University of Sydney, Fisher Library, Rare Books and Special Collections"
siglum_048,B-Br 11396,"Bruxelles, Bibliothèque royale, 11396"
siglum_049,B-Br 15073,"Bruxelles, Bibliothèque royalle, 15073"
siglum_050,B-Br 19389,"Bruxelles, Bibliothèque royale, 19389"
siglum_051,B-Br 2031-32,"Bruxelles, Bibliothèque royale 2031-32"
siglum_052,B-Br 4767,"Bruxelles, Bibliothèque royale, 4767"
siglum_053,B-Br II 3823,"Bruxelles, Bibliothèque royale, II 3823 (Fétis 1172)"
siglum_054,B-Br II 3825,"Bruxelles, Bibliothèque royale, II 3825 (Fétis 1174)"
siglum_055,B-DEa 9,"Dendermonde, Sint-Pieters-en Paulusabdij, ms. 9"
siglum_056,B-TO olv 63,"Tongeren, Onze-Lieve-Vrouw-Kerk (Our Lady's Church), 63 (olim V)"
siglum_057,B-TO olv 64,"Tongeren, Onze-Lieve-Vrouw-Kerk (Our Lady's Church), 64 (olim IV)"
siglum_058,CDN-Hsmu M2149.L4,"Halifax (Canada), St. Mary’s University - Patrick Power Library, M2149.L4 1554"
siglum_059,CDN-Lu M2150,"London (Canada), University of Western Ontario - Music Library, M2150"
siglum_060,CDN-Mir 25,"Montreal, McGill University - Humanities and Social Sciences Library McLennan-Repath, MS medieval 25 (fragment)"
siglum_061,CDN-Mlr 073,"Montréal, Humanities and Social Sciences Library McLennan-Redpath, MS 073"
siglum_062,CDN-Mlr 111,"Montréal, Humanities and Social Sciences Library McLennan-Redpath, CDN-Mlr 111"
siglum_063,CDN-Mlr 18,"Montréal, Humanities and Social Sciences Library McLennan-Redpath, CDN-Mlr 18"
siglum_064,CDN-Mlr 21,"Montreal, McGill Rare Books Redpath, Fragment 21"
siglum_065,CDN-Mlr 234,"Montréal,McGill University - Humanities and Social Sciences Library McLennan-Redpath, 234"
siglum_066,CDN-Mlr 25,"Montreal, McGill University Rare Books Redpath Fragment 25"
siglum_067,CDN-Mlr 25,"Montreal, McGill Rare Books Redpath, Fragment 25"
siglum_068,CDN-Mlr 78,"Montréal, McGill University - Humanities and Social Sciences Library McLennan-Redpath, MS medieval 78 (fragment)"
siglum_069,CDN-Mlr MS 007 (fragment),"Montréal, McGill University - Humanities and Social Sciences Library McLennan-Redpath, MS medieval 007 (fragment)"
siglum_070,CDN-Mlr MS 020 (fragment),"Montréal, McGill University - Humanities and Social Sciences Library McLennan-Redpath, MS medieval 020 (fragment)"
siglum_071,CDN-Mlr MS 021 (fragment),"Montréal, McGill University - Humanities and Social Sciences Library McLennan-Redpath, MS medieval 021 (fragment)"
siglum_072,CDN-Mlr MS 024 (fragment),"Montréal, McGill University - Humanities and Social Sciences Library McLennan-Redpath, MS medieval 024 (fragment)"
siglum_073,CDN-Mlr MS 025 (fragment),"Montréal, McGill University - Humanities and Social Sciences Library McLennan-Redpath, MS medieval 25 (fragment)"
siglum_074,CDN-Mlr MS 064 (fragment),"Montréal, McGill University - Humanities and Social Sciences Library McLennan-Redpath, MS medieval 064 (fragment)"
siglum_075,CDN-Mlr MS 065 (fragment),"Montréal, McGill University - Humanities and Social Sciences Library McLennan-Redpath, MS medieval 065 (fragment)"
siglum_076,CDN-Mlr MS 072 (fragment),"Montréal, McGill University - Humanities and Social Sciences Library McLennan-Redpath, MS medieval 072 (fragment)"
siglum_077,CDN-Mlr MS 081 (fragment),"Montréal, McGill University - Humanities and Social Sciences Library McLennan-Redpath, MS medieval 081 (fragment)"
siglum_078,CDN-Mlr MS 086 (fragment),"Montréal, McGill University - Humanities and Social Sciences Library McLennan-Redpath, MS medieval 086 (fragment)"
siglum_079,CDN-Mlr MS 087 (fragment),"Montréal, McGill University - Humanities and Social Sciences Library McLennan-Redpath, MS medieval 087 (fragment)"
siglum_080,CDN-Mlr MS 088 (fragment),"Montréal, McGill University - Humanities and Social Sciences Library McLennan-Redpath, MS medieval 088 (fragment)"
siglum_081,CDN-Mlr MS 089 (fragment),"Montréal, McGill University - Humanities and Social Sciences Library McLennan-Redpath, MS medieval 089 (fragment)"
siglum_082,CDN-Mlr MS 092 (fragment),"Montréal, McGill University - Humanities and Social Sciences Library McLennan-Redpath, MS medieval 092 (fragment)"
siglum_083,CDN-Mlr MS 093,"Montréal, McGill University - Humanities and Social Sciences Library McLennan-Redpath, MS medieval 093"
siglum_084,CDN-Mlr MS 169 (fragment),"Montréal, McGill University - Humanities and Social Sciences Library McLennan-Redpath, MS medieval 169 (fragment)"
siglum_085,CDN-Mlr MS 170 (fragment),"Montréal, McGill University - Humanities and Social Sciences Library McLennan-Redpath, MS medieval 170 (fragment)"
siglum_086,CDN-Mlr MS 171 (fragment),"Montréal, McGill University - Humanities and Social Sciences Library McLennan-Redpath, MS medieval 171 (fragment)"
siglum_087,CDN-Mlr MS 172 (fragment),"Montréal, McGill University - Humanities and Social Sciences Library McLennan-Redpath, MS medieval 172 (fragment)"
siglum_088,CDN-Mlr MS 176 (fragment),"Montréal, McGill University - Humanities and Social Sciences Library McLennan-Redpath, MS medieval 176 (fragment)"
siglum_089,CDN-Mlr MS 184 (fragment),"Montréal, McGill University - Humanities and Social Sciences Library McLennan-Redpath, MS medieval 184 (fragment)"
siglum_090,CDN-Mlr MS 186 (fragment),"Montréal, McGill University - Humanities and Social Sciences Library McLennan-Redpath, MS medieval 186 (fragment)"
siglum_091,CDN-Mlr MS 204 (fragment),"Montréal, McGill University - Humanities and Social Sciences Library McLennan-Redpath, MS medieval 204 (fragment)"
siglum_092,CDN-Mlr MS 205 (fragment),"Montréal, McGill University - Humanities and Social Sciences Library McLennan-Redpath, MS medieval 205 (fragment)"
siglum_093,CDN-Mlr MS 206 (fragment),"Montréal, McGill University - Humanities and Social Sciences Library McLennan-Redpath, MS medieval 206 (fragment)"
siglum_094,CDN-Mlr MS 207 (fragment),"Montréal, McGill University - Humanities and Social Sciences Library McLennan-Redpath, MS medieval 207 (fragment)"
siglum_095,CDN-Mlr MS 208 (fragment),"Montréal, McGill University - Humanities and Social Sciences Library McLennan-Redpath, MS medieval 208 (fragment)"
siglum_096,CDN-Mlr MS 209 (fragment),"Montréal, McGill University - Humanities and Social Sciences Library McLennan-Redpath, MS medieval 209 (fragment)"
siglum_097,CDN-Mlr MS 210 (fragment),"Montréal, McGill University - Humanities and Social Sciences Library McLennan-Redpath, MS medieval 210 (fragment)"
siglum_098,CDN-Mlr MS 211 (fragment),"Montréal, McGill University - Humanities and Social Sciences Library McLennan-Redpath, MS medieval 211 (fragment)"
siglum_099,CDN-Mlr MS 212 (fragment),"Montréal, McGill University - Humanities and Social Sciences Library McLennan-Redpath, MS medieval 212 (fragment)"
siglum_100,CDN-Mlr MS 215 (fragment),"Montréal, McGill University - Humanities and Social Sciences Library McLennan-Redpath, MS medieval 215 (fragment)"
siglum_101,CDN-Mlr MS 216 (fragment),"Montréal, McGill University - Humanities and Social Sciences Library McLennan-Redpath, MS medieval 216 (fragment)"
siglum_102,CDN-Mlr MS 217 (fragment),"Montréal, McGill University - Humanities and Social Sciences Library McLennan-Redpath, MS medieval 217 (fragment)"
siglum_103,CDN-Mlr MS 218 (fragment),"Montréal, McGill University - Humanities and Social Sciences Library McLennan-Redpath, MS medieval 218 (fragment)"
siglum_104,CDN-Mlr MS 219 (fragment),"Montréal, McGill University - Humanities and Social Sciences Library McLennan-Redpath, MS medieval 219 (fragment)"
siglum_105,CDN-Mlr MS 220 (fragment),"Montréal, McGill University - Humanities and Social Sciences Library McLennan-Redpath, MS medieval 220 (fragment)"
siglum_106,CDN-Mlr MS 221 (fragment),"Montréal, McGill University - Humanities and Social Sciences Library McLennan-Redpath, MS medieval 221 (fragment)"
siglum_107,CDN-Mlr MS 222 (fragment),"Montréal, McGill University - Humanities and Social Sciences Library McLennan-Redpath, MS medieval 222 (fragment)"
siglum_108,CDN-Mlr MS 231 (fragment),"Montréal, McGill University - Humanities and Social Sciences Library McLennan-Redpath, MS medieval 231 (fragment)"
siglum_109,CDN-Mlr MS medieval 80 (fragment),"Montréal, McGill University - Humanities and Social Sciences Library McLennan-Redpath, MS medieval 80 (fragment)"
siglum_110,CDN-Oc 1,"Ottawa, Carleton University, MacOdrum Library, Archives and Research Collection, ms. 1"
siglum_111,CDN-Oc 2,"Ottawa, Carleton University, MacOdrum Library, Archives and Research Collection, ms. 2"
siglum_112,CDN-Qsl Chaperon,"Quebec, Séminaire de Québec, Le Paroissien Noté"
siglum_113,CDN-WAwlul 1,"Waterloo (Canada), Wilfrid Laurier University Library, Ms. 1"
siglum_114,CH-BEsu 620,"Bern, Burgerbibliothek, 620"
siglum_115,CH-BEsu A421,"Bern, Burgerbibliotek, A. 421"
siglum_116,CH-E 113,"Einsiedeln, Stiftsbibliothek, cod. 113 (466)"
siglum_117,CH-E 114,"Einsiedeln, Stiftsbibliothek, cod. 114"
siglum_118,CH-E 121,"Einsiedeln, Stiftsbibliothek, Codex 121"
siglum_119,CH-E 121,"Einsiedeln, Stiftsbibliothek, cod. 121"
siglum_120,CH-E 366,"Einsiedeln, Stiftsbibliothek, cod. 366"
siglum_121,CH-E 611,"Einsiedeln, Kloster Einsiedeln - Musikbibliothek, 611"
siglum_122,CH-EN 314,"Engelberg Stiftsbibliothek, Codex 314"
siglum_123,CH-Fco 2,"Fribourg, Bibliothèque des Cordeliers, 2"
siglum_124,CH-Ff Ms. 9,"Fribourg/Freiburg, Couvent des Cordeliers/Franziskanerkloster, Ms. 9"
siglum_125,CH-P 18,"Porrentruy, Bibliothèque cantonale jurassienne, 18"
siglum_126,CH-SGs 359,"St. Gallen, Stiftsbibliothek, Cod. Sang. 359"
siglum_127,CH-SGs 375,"Sankt-Gallen, Stiftsbibliothek, cod. 375"
siglum_128,CH-SGs 376,"Sankt-Gallen, Stiftsbibliothek, cod. 376"
siglum_129,CH-SGs 378,"Sankt-Gallen, Stiftsbibliothek, cod. 378"
siglum_130,CH-SGs 380,"Sankt-Gallen, Stiftsbibliothek, cod. 380"
siglum_131,CH-SGs 381,"Sankt-Gallen, Stiftsbibliothek, cod. 381"
siglum_132,CH-SGs 382,"Sankt-Gallen, Stiftsbibliothek, cod. 382"
siglum_133,CH-SGs 388,"Sankt Gallen, Stiftsbibliothek, 388"
siglum_134,CH-SGs 390,"Sankt Gallen, Stiftsbibliothek, 390"
siglum_135,CH-SGs 391,"Sankt Gallen, Stiftsbibliothek, 391"
siglum_136,CH-SGs 484,"Sankt-Gallen, Stiftsbibliothek, cod. 484"
siglum_137,CH-SGs 898,"Sankt-Gallen, Stiftsbibliothek, cod. 898"
siglum_138,CH-SGv 317,"Sankt-Gallen, Kantonsbibliothek, Vadiana 317"
siglum_139,CH-SH 95,"Schaffhausen, Stadtbibliothek"
siglum_140,CH-Zl St. Kath.,"Zurich. Schweizerisches Landesmuseum, 26 117"
siglum_141,CH-Zz Rh. 125,"Zürich, Zentralbibliothek, Rh. 125"
siglum_142,CH-Zz Rh. 14,"Zürich, Zentralbibliothek, Rh. 14"
siglum_143,CH-Zz Rh. 55,"Zürich, Zentralbibliothek, Rh. 55"
siglum_144,CH-Zz Rh.132,"Zürich, Zentralbibliothek, Rh. 132"
siglum_145,CZ-Pap P VIII,"Prague, Knihovna metropolitni kapituly sv. Vita, P VIII"
siglum_146,CZ-Pst DE I 7,"Praha (Prague), Strahovská knihovna (Library of the Royal Canonry of Premonstratensians at Strahov), DE I 7"
siglum_147,CZ-Pu XI C 3,"Prague, University library XI C 3"
siglum_148,CZ-Pu XIV B 13,"Praha (Prague), Národní knihovna České republiky (National Library), XIV B 13"
siglum_149,D-A/imp:1498,"Print:   Ratdolt, Augsburg, 1494-98"
siglum_150,D-AAd 13,"Aachen, Bischöfliche Diözesanbibliothek, 13 (XII)"
siglum_151,D-AAd 13,"Aachen, Bischöfliche Diözesanbibliothek, 13 (XII)"
siglum_152,D-AAm G 20,"Aachen (Aix-la-Chapelle), Domarchiv, G 20"
siglum_153,D-B 40608,"Berlin, Staatsbibliothek Preussischer Kulturbesitz, MUS. MS. 40608"
siglum_154,D-B 664,"Berlin, Staatsbibliothek Preussischer Kulturbesitz, th.lat.4o  664"
siglum_155,D-B IV. 11,"Berlin, Staatsbibliothek Preussischer Kulturbesitz, th.lat.4o  11"
siglum_156,D-B Mus. 40047,"Berlin, Staatsbibliothek zu Berlin Preußischer Kulturbesitz, Mus. 40047"
siglum_157,D-BAs 12,"Bamberg, Staatsbibliothek, lit. 12"
siglum_158,D-BAs 5,"Bamberg, Staatsbibliothek, lit. 5"
siglum_159,D-BAs 6,"Bamberg, Staatsbibliothek, lit. 6"
siglum_160,D-BAs Msc.Lit.27,"Bamberg, Staatsbibliothek, Msc.Lit.27"
siglum_161,D-BAs lit. 25,"Bamberg, Staatsbibliothek, lit. 25 (olim Ed.IV.11)"
siglum_162,D-Bds 40078,"Berlin, Deutsche Staatsbibliothek, mus. 40 078 (Z. 78)"
siglum_163,D-DS 545,"Darmstadt, Hessische Landes- und Hochschulbibliothek, 545"
siglum_164,D-DS 868,"Darmstadt, Hessische Landes- und Hochschulbibliothek, 868"
siglum_165,D-Dlb A122,"Dresden, Sächsische Landesbibliothek, A. 122"
siglum_166,D-FUl Aa 55,"Fulda, Hessische Landesbibliothek, Aa 55"
siglum_167,D-Gsta AB III 10,"Göttingen, Stadtarchiv, AB III 10"
siglum_168,D-Gsta AB III 9,"Göttingen, Stadtarchiv, AB III 9"
siglum_169,D-KA Aug. LX,"Karlsruhe, Badische Landesbibliothek - Musikabteilung, Aug. LX"
siglum_170,D-KA Aug209,"Karlsruhe, Badische Landesbibliothek, Aug. 209"
siglum_171,D-KA B102,"Karlsruhe, Badische Landesbibliothek, B. 102"
siglum_172,D-KA Geo3,"Karlsruhe, Badische Landesbibliothek, Sankt-Georgen 3"
siglum_173,D-KA Geo31,"Karlsruhe, Badische Landesbibliothek, Sankt-Georgen 31"
siglum_174,D-KA L5,"Karlsruhe, Badische Landesbibliothek, L[ichtenthal]. 5"
siglum_175,D-KA L60,"Karlsruhe, Badische Landesbibliothek, L[ichtenthal]. 60"
siglum_176,D-KA P14a,"Karlsruhe, Badische Landesbibliothek, St. Peter 14a"
siglum_177,D-KA P15,"Karlsruhe, Badische Landesbibliothek, S. Peter 15"
siglum_178,D-KA P16,"Karlsruhe, Badische Landesbibliothek, St. Peter 16"
siglum_179,D-KA P44,"Karlsruhe, Badische Landesbibliothek, S. Peter 44"
siglum_180,D-KA UH1,"Karlsruhe, Badische Landesbibliothek, UH1"
siglum_181,D-KNa W270,"Köln, Historisches Archiv, W. f. 270"
siglum_182,D-KNd 1161,"Köln, Erzbischöfliche Diözesan- und Dombibliothek, 1161"
siglum_183,D-KNd 215,"Köln (Cologne), Erzbischöfliche Diözesan- und Dombibliothek, 215"
siglum_184,D-KNd 226,"Köln, Dombibliothek, 226"
siglum_185,D-Kl  5,"Kassel, Landesbibliothek, 4o theol. 5"
siglum_186,D-Kl 15,"Kassel, Landesbibliothek, 4o theol. 15"
siglum_187,D-LEu 391,"Leipzig, Universitätsbibliothek 391"
siglum_188,D-LEu Rep. I 93,"Leipzig, Universitätsbibliothek, Rep. I 93"
siglum_189,D-MZb A,"Mainz, Bischöfliches Dom- und Diözesanmuseum, A"
siglum_190,D-MZb B,"Mainz, Bischöfliches Dom- und Diözesanmuseum, B"
siglum_191,D-MZb C,"Mainz, Bischöfliches Dom- und Diözesanmuseum, C"
siglum_192,D-MZb D,"Mainz, Bischöfliches Dom- und Diözesanmuseum, D"
siglum_193,D-MZb E,"Mainz, Bischöfliches Dom- und Diözesanmuseum, E"
siglum_194,D-Ma 12o Cmm 1,"München, Franziskanerkloster St. Anna - Bibliothek, 12o Cmm 1"
siglum_195,D-Mbs 10075,"München, Bayerische Staatsbibliothek, Clm 10 075"
siglum_196,D-Mbs 11004,"München, Bayerische Staatsbibliothek, Clm 11 004"
siglum_197,D-Mbs 13125,"München, Bayerische Staatsbibliothek, Clm 13 125"
siglum_198,D-Mbs 14013,"München, Bayerische Staatsbibliothek, Clm 14 013"
siglum_199,D-Mbs 14045,"München, Bayerische Staatsbibliothek  Clm 14 045"
siglum_200,D-Mbs 14083,"München, Bayerische Staatsbibliothek, Clm 14 083"
siglum_201,D-Mbs 14322,"München, Bayerische Staatsbibliothek, Clm 14 322"
siglum_202,D-Mbs 14343,"München, Bayerische Staatsibliothek, Clm 14 343"
siglum_203,D-Mbs 14843,"München, Bayerische Staatsbibliothek  Clm 14 843"
siglum_204,D-Mbs 14845,"München, Bayerische Bayerishe Staatsbibliothek, Clm 14 845"
siglum_205,D-Mbs 14926,"München, Bayerische Staatsbibliothek, Clm 14 926"
siglum_206,D-Mbs 15730,"München, Bayerische Staatsbibliothek, Clm 15 730"
siglum_207,D-Mbs 17 019,"München, Bayerische Staatsbibliothek  Clm 17 019"
siglum_208,D-Mbs 17018,"München, Bayerische Staatsbibliothek, Clm 17 018"
siglum_209,D-Mbs 17021,"München, Bayerische Staatsbibliothek, Clm 17 021"
siglum_210,D-Mbs 17025,"München, Bayerische Staatsbibliothek, Clm 17 025"
siglum_211,D-Mbs 17100,"München, Bayerische Staatsbibliothek  Clm 17 100"
siglum_212,D-Mbs 17212,"München, Bayerische Staatsbibliothek, Clm 17 212"
siglum_213,D-Mbs 18392,"München, Bayerische Staatsbibliothek, Clm  18392"
siglum_214,D-Mbs 18955,"München, Bayerische Staatsbibliothek, Clm 18 955"
siglum_215,D-Mbs 18956,"München, Bayerische Staatsbibliothek, Clm 18 956"
siglum_216,D-Mbs 19266,"München, Bayerische Staatsbibliothek, Clm 19 266"
siglum_217,D-Mbs 19267,"München, Bayerische Staatsbibliothek, Clm 19 267"
siglum_218,D-Mbs 23001,"München, Bayerische Staatsbibliothek, Clm 23 001"
siglum_219,D-Mbs 23026,"München, Bayerische Staatsbibliothek, Clm 23 026"
siglum_220,D-Mbs 23044,"München, Bayerische Staatsbibliothek, Clm 23 044"
siglum_221,D-Mbs 23045,"München, Bayerische Staatsbibliothek, Clm 23 045"
siglum_222,D-Mbs 23063,"München, Bayerische Staatsbibliothek, Clm 23 063"
siglum_223,D-Mbs 23270,"München, Bayerische Staatsbibliothek, Clm 23 270"
siglum_224,D-Mbs 23284,"München, Bayerische Staatsbibliothek, Clm 23 284"
siglum_225,D-Mbs 23285,"München, Bayerische Staatsbibliothek, Clm 23 285"
siglum_226,D-Mbs 23286,"München, Bayerische Staatsibliothek, Clm 23 286"
siglum_227,D-Mbs 23287,"München, Bayerische Staatsbibliothek, Clm 23 287"
siglum_228,D-Mbs 27020,"München, Bayerische Staatsbibliothek, Clm 27 020"
siglum_229,D-Mbs 27130,"München, Bayerische Staatsbibliothek, Clm 27 130"
siglum_230,D-Mbs 29308(1,"München, Bayerische Staatsbibliothek  Clm 29 308 (1"
siglum_231,D-Mbs 29308(1,"München, Bayerische Staatsbibliothek  Clm 29 308 (1"
siglum_232,D-Mbs 29308(18,"München, Bayerische Staatsbibliothek  Clm 29 308 (18"
siglum_233,D-Mbs 29308(2,"München, Bayerische Staatsbibliothek  Clm 29 308 (2"
siglum_234,D-Mbs 29308(5,"München, Bayerische Staatsbibliothek  Clm 29 308 (5"
siglum_235,D-Mbs 3008,"München, Bayerische Staatsbibliothek, Clm 3008"
siglum_236,D-Mbs 3311,"München, Bayerische Staatsbibliothek, Clm 3311"
siglum_237,D-Mbs 3906,"München, Bayerische Staatsbibliothek, Clm 3906"
siglum_238,D-Mbs 3914,"München, Bayerische Staatsbibliothek, Clm 3914"
siglum_239,D-Mbs 4101,"München, Bayerische Staatsbibliothek, Clm 4101"
siglum_240,D-Mbs 4519,"München, Bayerische Staatsbibliothek  Clm 4519"
siglum_241,D-Mbs 4548,"München, Bayerische Staatsbibliothek, Clm 4548"
siglum_242,D-Mbs 5023,"München, Bayerische Staatsbibliothek  Clm 5023"
siglum_243,D-Mbs 6913,"München, Bayerische Staatsbibliothek, Clm 6913"
siglum_244,D-Mbs 7815,"München, Bayerische Staatsbibliothek, Clm 7815"
siglum_245,D-Mbs 7919,"München, Bayerische Staatsbibliothek, Clm 7919"
siglum_246,D-Mbs 8710,"München, Bayerische Staatsbibliothek, Clm 8710"
siglum_247,D-Mbs 9508,"München, Bayerische Staatsbibliothek, Clm 9508"
siglum_248,D-Mbs Clm 4303,"München, Bayerische Staatsbibliothek, Clm 4303"
siglum_249,D-Mbs Clm 4304,"München, Bayerische Staatsbibliothek, Clm 4304"
siglum_250,D-Mbs Clm 4305,"München, Bayerische Staatsbibliothek, Clm 4305"
siglum_251,D-Mbs Clm 4306,"München, Bayerische Staatsbibliothek, Clm 4306"
siglum_252,D-Mbs g716,"München, Bayerische Staatsbibliothek, Cgm 716"
siglum_253,D-Msb 19242,"München, Bayerische Staatsbibliothek, Clm 19 242"
siglum_254,D-Mu 156,"München, Universitätsbibliothek, 2Ý Cod. ms. 156"
siglum_255,D-MÜu 41,"Münster, Universitäts- und Landesbibliothek, Hs 41"
siglum_256,D-P/imp1511,"Passau:  Imp: Graduale Pataviense (Wien, 1511)"
siglum_257,D-Rs 4o lit. 19,"Regensburg, Staatliche Bibliothek, 4o Liturg. 19"
siglum_258,D-Rtt 1/II,"Regensburg,  Fürst Thurn und Taxis Hofbibliothek, F.K. mus. 1/II"
siglum_259,D-Rtt 42/II,"Regensburg,  Fürst Thurn und Taxis Hofbibliothek, F.K. mus. 42/II"
siglum_260,D-Rtt 43/II,"Regensburg,  Fürst Thurn und Taxis Hofbibliothek, F.K. mus. 43/II"
siglum_261,D-Rtt 5/II,"Regensburg,  Fürst Thurn und Taxis Hofbibliothek, F.K. mus. 5/II"
siglum_262,D-Rtt 68-69,"Regensburg,  Fürst Thurn und Taxis Hofbibliothek, F.K. mus. 68 & 69"
siglum_263,D-Rtt 7/II,"Regensburg,  Fürst Thurn und Taxis Hofbibliothek, F.K. mus. 7/11"
siglum_264,D-Rtt 84,"Regensburg,  Fürst Thurn und Taxis Hofbibliothek, F.K. mus. 84"
siglum_265,D-Sl 20,"Stuttgart, Württembergische Landesbibliothek, cod. bibl., 2o 20"
siglum_266,D-Sl 36,"Stuttgart, Württembergische Landesbibliothek, Cod. bibl. 4o 36"
siglum_267,D-Sl 38,"Stuttgart, Württembergische Landesbibliothek, Cod. bibl. 2o 38"
siglum_268,D-Sl HB.I.55,"Stuttgart, Württembergische Landesbibliothek, HB.I.55"
siglum_269,D-Sl brev. 160,"Stuttgart, Württembergische Landesbibliothek, Cod. brev. 160"
siglum_270,D-Sl mus65,"Stuttgart, Wüttembergische Lndesbibliothek, Cod. mus. 2o 65"
siglum_271,"D-TRb Abt. 95, Nr. 5","Trier, Bistumsarchiv Abt. 95, Nr. 5"
siglum_272,D-TRs 1245 / 597 (original),"Trier, Stadtbibliothek Weberbach, 1245 / 597 (original)"
siglum_273,D-TRs 1245/597 (rev),"Trier, Stadtbibliothek, 1245 / 597 (revised)"
siglum_274,D-TRs 2254,"Trier, Stadtbibliothek 2254 (Codex Bohm)"
siglum_275,D-TRs F-0kyx (fragment),"Trier, Stadtbibliothek Weberbach Trier, F-0kyx (fragment)"
siglum_276,D-TRs F-1uoy (fragment),"Trier, Stadtbibliothek Weberbach Trier, F-1uoy (fragment)"
siglum_277,D-TRs F-351c (fragment),"Trier, Stadtbibliothek Weberbach Trier, F-351c"
siglum_278,D-TRs F-3kib (fragment),"Trier, Stadtbibliothek Weberbach Trier, F-3kib"
siglum_279,D-TRs F-6eoa (fragment),"Trier, Stadtbibliothek Weberbach Trier, F-6eoa (Fragment)"
siglum_280,D-TRs F-7cii (fragment),"Trier, Stadtbibliothek Weberbach Trier, F-7cii (fragment)"
siglum_281,D-TRs F-7z72 (fragment),"Trier, Stadtbibliothek Weberbach Trier, F-7z72 (fragment)"
siglum_282,D-TRs F-82pg (fragment),"Trier, Stadtbibliothek Weberbach Trier, F-82pg (Fragment)"
siglum_283,D-TRs F-8slb (fragment),"Trier, Stadtbibliothek Weberbach Trier, F-8slb (fragment)"
siglum_284,D-TRs F-a00a (fragment),"Trier, Stadtbibliothek Weberbach Trier, F-a00a (fragment)"
siglum_285,D-TRs F-c8jl (fragment),"Trier, Stadtbibliothek Weberbach Trier, F-c8jl (fragment)"
siglum_286,D-TRs F-dsjj (fragment),"Trier, Stadtbibliothek Weberbach Trier, F-dsjj (fragment)"
siglum_287,D-TRs F-dt0m (fragment),"Trier, Stadtbibliothek Weberbach Trier, F-dt0m (fragment)"
siglum_288,D-TRs F-eu4i (fragment),"Trier, Stadtbibliothek Weberbach Trier, F-eu4i (fragment)"
siglum_289,D-TRs F-ghak (fragment),"Trier, Stadtbibliothek Weberbach Trier, F-ghak (fragment)"
siglum_290,D-TRs F-jedx (fragment),"Trier, Stadtbibliothek Weberbach Trier, F-jedx (fragment)"
siglum_291,D-TRs F-lcn7 (fragment),"Trier, Stadtbibliothek Weberbach Trier, F-lcn7 (fragment)"
siglum_292,D-TRs F-mene (fragment),"Trier, Stadtbibliothek Weberbach Trier, F-mene (fragment)"
siglum_293,D-TRs F-mzph (fragment),"Trier, Stadtbibliothek Weberbach Trier, F-mzph (fragment)"
siglum_294,D-TRs F-n8h3 (fragment),"Trier, Stadtbibliothek Weberbach Trier, F-n8h3 (fragment)"
siglum_295,D-TRs F-nmyl (fragment),"Trier, Stadtbibliothek Weberbach Trier, F-nmyl (fragment)"
siglum_296,D-TRs F-ovo6 (fragment),"Trier, Stadtbibliothek Weberbach Trier, F-ovo6 (fragment)"
siglum_297,D-TRs F-pjh5 (fragment),"Trier, Stadtbibliothek Weberbach Trier, F-pjh5 (fragment)"
siglum_298,D-TRs F-qwjc (fragment),"Trier, Stadtbibliothek Weberbach Trier, F-qwjc (fragment)"
siglum_299,D-TRs F-rgta (fragment),"Trier, Stadtbibliothek Weberbach Trier, F-rgta (fragment)"
siglum_300,D-TRs F-svu8 (fragment),"Trier, Stadtbibliothek Weberbach Trier, F-svu8 (fragment)"
siglum_301,D-TRs F-vxn8 (fragment),"Trier, Stadtbibliothek Weberbach Trier, F-vxn8 (fragment)"
siglum_302,D-TRs F-w2xh (fragment),"Trier, Stadtbibliothek Weberbach Trier, F-w2xh (fragment)"
siglum_303,D-TRs F-wvbj (fragment),"Trier, Stadtbibliothek Weberbach Trier, F-wvbj (fragment)"
siglum_304,D-TRs F-x5ki (fragment),"Trier, Stadtbibliothek Weberbach Trier, F-x5ki"
siglum_305,D-TRs F-zsxw (fragment),"Trier, Stadtbibliothek Weberbach Trier, F-zsxw (fragment)"
siglum_306,D-TRs MS F-2dpf (fragment),"Trier, Stadtbibliothek Weberbach Trier, F-2dpf"
siglum_307,D-TRs MS F-2ggs (fragment),"Trier, Stadtbibliothek Weberbach Trier, F-2ggs"
siglum_308,D-TRs MS F-4ij3 (fragment),"Trier, Stadtbibliothek Weberbach Trier, MS F-4ij3 (fragment)"
siglum_309,D-W 28 Helmst. (olim 31),"Wolfenbüttel, Herzog August Bibliothek - Musikabteilung, 28 Helmst. (olim 31)"
siglum_310,D-W 29 Helmst. (olim 32),"Wolfenbüttel, Herzog August Bibliothek - Musikabteilung, 29 Helmst. (olim 32)"
siglum_311,D-W 45 (40),"Wolfenbüttel, Herzog August Bibliothek 45 (Helmst. 40)"
siglum_312,D-WI1 2,"Wiesbaden, Hochschul- und Landesbibliothek RheinMain, 2 (Riesencodex)"
siglum_313,D-WI1 fragment 1,"Wiesbaden, Hochschul-und Landesbibliothek RheinMain, fragment"
siglum_314,D-WÜ/imp1583,Graduale Herbipolense iussu atque authoritate
siglum_315,D-WÜu 283,"Würzburg, Universitätsbibliothek, M. ch. f. 283"
siglum_316,D-Xsb H109,"Xanten, Stiftsarchiv und -bibliothek St. Viktor H 109"
siglum_317,D-Xsb H140(3),"Xanten, Stiftsarchiv und -bibliothek St. Viktor   H 140 (3)"
siglum_318,DK-Kk 3449 8o [01] I,"København (Copenhagen), Det kongelige Bibliotek Slotsholmen, Gl. Kgl. S. 3449, 8o [01] I"
siglum_319,DK-Kk 3449 8o [02] II,"København (Copenhagen), Det kongelige Bibliotek Slotsholmen, Gl. Kgl. S. 3449, 8o [02] II"
siglum_320,DK-Kk 3449 8o [03] III,"København (Copenhagen), Det kongelige Bibliotek Slotsholmen, Gl. Kgl. S. 3449, 8o [03] III"
siglum_321,DK-Kk 3449 8o [04] IV,"København (Copenhagen), Det kongelige Bibliotek Slotsholmen, Gl. Kgl. S. 3449, 8o [04] IV"
siglum_322,DK-Kk 3449 8o [05] V,"København (Copenhagen), Det kongelige Bibliotek Slotsholmen, Gl. Kgl. S. 3449, 8o [05] V"
siglum_323,DK-Kk 3449 8o [06] VI,"København (Copenhagen), Det kongelige Bibliotek Slotsholmen, Gl. Kgl. S. 3449, 8o [06] VI"
siglum_324,DK-Kk 3449 8o [07] VII,"København (Copenhagen), Det kongelige Bibliotek Slotsholmen, Gl. Kgl. S. 3449, 8o [07] VII"
siglum_325,DK-Kk 3449 8o [08] VIII,"København (Copenhagen), Det kongelige Bibliotek Slotsholmen, Gl. Kgl. S. 3449, 8o [08] VIII"
siglum_326,DK-Kk 3449 8o [09] IX,"København (Copenhagen), Det kongelige Bibliotek Slotsholmen, Gl. Kgl. S. 3449, 8o [09] IX"
siglum_327,DK-Kk 3449 8o [10] X,"København (Copenhagen), Det kongelige Bibliotek Slotsholmen, Gl. Kgl. S. 3449, 8o [10] X"
siglum_328,DK-Kk 3449 8o [11] XI,"København (Copenhagen), Det kongelige Bibliotek Slotsholmen, Gl. Kgl. S. 3449, 8o [11] XI"
siglum_329,DK-Kk 3449 8o [12] XII,"København (Copenhagen), Det kongelige Bibliotek Slotsholmen, Gl. Kgl. S. 3449, 8o [12] XII"
siglum_330,DK-Kk 3449 8o [13] XIII,"København (Copenhagen), Det kongelige Bibliotek Slotsholmen, Gl. Kgl. S. 3449, 8o [13] XIII"
siglum_331,DK-Kk 3449 8o [14] XIV,"København (Copenhagen), Det kongelige Bibliotek Slotsholmen, Gl. Kgl. S. 3449, 8o [14] XIV"
siglum_332,DK-Kk 3449 8o [15] XV,"København (Copenhagen), Det kongelige Bibliotek Slotsholmen, Gl. Kgl. S. 3449, 8o [15] XV"
siglum_333,DK-Kk 3449 8o [16] XVI,"København (Copenhagen), Det kongelige Bibliotek Slotsholmen, Gl. Kgl. S. 3449, 8o [16] XVI"
siglum_334,DK-Kk 3449 8o [17] XVII,"København (Copenhagen), Det kongelige Bibliotek Slotsholmen, Gl. Kgl. S. 3449, 8o [17] XVII"
siglum_335,E-Mn 19421,"Madrid, Biblioteca Nacional, 19421"
siglum_336,E-Mn 288,"Madrid, Biblioteca Nacional, 288"
siglum_337,E-Mn 289,"Madrid, Biblioteca Nacional, 289"
siglum_338,E-Mn V. 20-4,"Madrid, Biblioteca Nacional, V.20-4"
siglum_339,E-SA 5,"Salamanca, Catedral - Archivo Musical, 5"
siglum_340,E-SA 6,"Salamanca, Catedral - Archivo Musical, 6"
siglum_341,E-SA 7,"Salamanca, Catedral - Archivo Musical, 7"
siglum_342,E-SA 8,"Salamanca, Catedral - Archivo Musical, 8"
siglum_343,E-Tc 35.10,"Toledo, Archivo Capitular, ms 35.10"
siglum_344,E-Tc 44.1,"Toledo, Catedral - Archivo y Biblioteca Capítulares, 44.1"
siglum_345,E-Tc 44.2,"Toledo, Catedral - Archivo y Biblioteca Capítulares, 44.2"
siglum_346,E-Tc 52.11,"Toledo, Archivo Capitular, ms 52.11"
siglum_347,EC-QP16BSF18,"Quito, Historic Library of the Church of San Francisco, P16BSF18"
siglum_348,EC-Qbsf4,"Quito, Historic Library of the Church of San Francisco, BSF4"
siglum_349,EC-Qbsf8,"Quito, Historic Library of the Church of San Francisco, BSF8"
siglum_350,Engelberg 103,Engelberg 103
siglum_351,F-AI 44,"Albi, Bibliothèque municipale Rochegude, 44"
siglum_352,F-AN 144,"Angers, Bibliothèque municipale, 144 (136)"
siglum_353,F-AS 437,"Arras, Bibliothèque municipale 437 (1011)"
siglum_354,F-AS 444,"Arras, Bibliothèque municipale 444 (888, sic in AH)"
siglum_355,F-AS 893,"Arras, Bibliothèque municipale, 893 (olim 465)"
siglum_356,F-AUT 28S,"Autun, Bibliothèque municipale 28 S"
siglum_357,F-CA 38,"Cambrai, Bibliothèque municipale, 38 (olim 40)"
siglum_358,F-CA 60,"Cambrai, Bibliothèque municipale, ms 60"
siglum_359,F-CA 75,"Cambrai, Bibliothèque municipale, 75"
siglum_360,F-CA 78,"Cambrai, Bibliothèque municipale, ms 78(79)"
siglum_361,F-CA Impr. XVI C 4,"Cambrai, Bibliothèque municipale, Impr. XVI C 4"
siglum_362,F-CHR 47,"Chartres, Bibliothèque Municipale, Ms47"
siglum_363,F-CHR 520,"Chartres, Bibliothèque municipale, 520 (destroyed)"
siglum_364,F-COm 409,"Colmar,  Bibl. mun. 409"
siglum_365,F-DOU 113,"Douai, Bibliothèque municipale, 113"
siglum_366,F-DOU 114,"Douai, Bibliothèque municipale, 114"
siglum_367,F-DOU 123,"Douai, Bibliothèque municipale, ms. 123"
siglum_368,F-DOU 124,"Douai, Bibliothèque municipale, ms. 124"
siglum_369,F-DOU 69,"Douai, Bibliothèque municipale, 69"
siglum_370,F-G 867,"Grenoble, Bibliothèque Municipale, ms. 867 (91)"
siglum_371,F-LA 263,"Laon, Bibliothèque municipale, ms 263"
siglum_372,F-LG 2,"Limoges, Bibliothèque municipale 2 (17)"
siglum_373,F-LM 437,"Le Mans, Bibliotheque municipale, 437"
siglum_374,F-MO 20,"Montpellier, Bibliotheque municipale"
siglum_375,F-MZ 452,"Metz, Bibliothèque municipale,  ms 452"
siglum_376,F-O 129,"Orléans, Bibliothèque municipale 129 (107)"
siglum_377,F-PRO 12,"Provins, Bibliothèque municipale 12"
siglum_378,F-Pm 526,"Paris, Bibliotheque Mazarine, 526"
siglum_379,F-Pn 10508,"Paris, Bibliothèque nationale, fonds lat. 10 508"
siglum_380,F-Pn 10510,"Paris, Bibliothèque nationale, lat. 10 510"
siglum_381,F-Pn 10513,"Paris, Bibliothèque nationale, lat. 10 513"
siglum_382,F-Pn 10587,"Paris, Bibliothèque nationale, fonds lat. 10 587"
siglum_383,F-Pn 1084,"Paris, Bibliothèque nationale, fond lat. 1084"
siglum_384,F-Pn 1086,"Paris, Bibliothèque nationale, lat. 1086"
siglum_385,F-Pn 1101,"Paris, Bibliothèque nationale, lat. 1101"
siglum_386,F-Pn 1107,"Paris, Bibliothèque nationale 1107"
siglum_387,F-Pn 1118,"Paris, Bibliothèque nationale, fond lat. 1118"
siglum_388,F-Pn 1120,"Paris, Bibliothèque nationeale, lat. 1120"
siglum_389,F-Pn 1121,"Paris, Bibliothèque nationale, fond lat. 1121"
siglum_390,F-Pn 1132,"Paris, Bibliothèque nationale, lat. 1132"
siglum_391,F-Pn 1133,"Paris, Bibliothèque nationale, lat. 1133"
siglum_392,F-Pn 1134,"Paris, Bibliothèque nationale, lat. 1134"
siglum_393,F-Pn 1135,"Paris, Bibliothèque nationale,  lat. 1135"
siglum_394,F-Pn 1136,"Paris, Bibliothèque nationale, lat. 1136"
siglum_395,F-Pn 1137,"Paris, Bibliothèque nationale, lat. 1137"
siglum_396,F-Pn 1138/1338,"Paris, Bibliothèque nationale, lat. 1138 & 1338"
siglum_397,F-Pn 1139,"Paris, Bibliotheque nationale, lat. 1139"
siglum_398,F-Pn 1154,"Paris, Bibliothèque nationale, lat. 1154"
siglum_399,F-Pn 1240,"Paris, Bibliothèque nationale, lat. 1240"
siglum_400,F-Pn 13254,"Paris, Bibliothèque nationale, lat. 13 254"
siglum_401,F-Pn 17312,"Paris, Bibliothèque nationale, lat. 17 312"
siglum_402,F-Pn 17436,"Paris, Bibliothèque nationale, lat. 17 436"
siglum_403,F-Pn 779,"Paris, Bibliothèque nationale, lat. 779"
siglum_404,F-Pn 887,"Paris, Bibliothèque nationale, fond lat. 887"
siglum_405,F-Pn 903,"Paris, Bibliothèque nationale, lat. 903"
siglum_406,F-Pn 904,"Paris, Bibliothèque nationale, lat. 904"
siglum_407,F-Pn 905,"Paris, Bibliothèque nationale, lat. 905"
siglum_408,F-Pn 909,"Paris, Bibliothèque nationale, fond lat. 909"
siglum_409,F-Pn 9436,"Paris, Bibliothèque nationale, lat. 9436"
siglum_410,F-Pn 9448,"Paris, Bibliothèque nationale, fonds lat. 9448"
siglum_411,F-Pn 9449,"Paris, Bibliothèque nationale, lat. 9449"
siglum_412,F-Pn lat. 12044,"Paris, Bibliothèque nationale de France - Département des Manuscrits, lat. 12044"
siglum_413,F-Pn lat. 776,"Paris, Bibliothèque nationale de France, Ms. lat. 776  (olim Colbert 873 ; Regius 3661)"
siglum_414,F-Pn na 1177,"Paris, Bibliothèque nationale, nouv. acq. lat. 1177"
siglum_415,F-Pn na 1235,"Paris, Bibliothèque nationale, nouv. acq. lat. 1235"
siglum_416,F-Pn na 1618,"Paris, Bibliothèque nationale, nouv. acq. 1618"
siglum_417,F-Pn na 1618,"Paris, Bibliothèque nationale, nouv. acq. 1618"
siglum_418,F-Pn na 3126,"Paris, Bibliothèque nationale, nouv. acq. lat. 3126"
siglum_419,F-Pn na1871,"Paris, Bibliothèque nationale, nouv. acq. lat. 1871"
siglum_420,F-Pn776,Paris
siglum_421,F-Pn776,Paris
siglum_422,F-Pn776,Paris
siglum_423,F-Pnm 1112,"Paris, Bibliothèque nationale de France, 1112"
siglum_424,F-Pnm 1112,"Paris, Bibliothèque nationale de France, 1112"
siglum_425,F-Pnm 12054,"Paris, Bibliothèque Nationale, 12054"
siglum_426,F-Pnm 776,"Paris, Bibliothèque Nationale de France, Latin 776"
siglum_427,F-Pnm 8884,"Paris, Bibliothèque nationale, ms. lat. 8884"
siglum_428,F-Pnm lat. 1085,"Paris, Bibliothèque nationale de France - Département des Manuscrits, latin 1085"
siglum_429,F-Pnm lat. 1090,"Paris, Bibliothèque nationale de France - Département des Manuscrits, latin 1090"
siglum_430,F-Pnm lat. 12044,"Paris, Bibliothèque nationale de France - Département des Manuscrits, latin 12044"
siglum_431,F-Pnm lat. 1240,"Paris, Bibliothèque nationale de France - Département des Manuscrits, latin 1240"
siglum_432,F-Pnm lat. 12601,"Paris, Bibliothèque nationale de France - Département des Manuscrits, latin 12601"
siglum_433,F-Pnm lat. 15181,"Paris, Bibliothèque nationale de France - Département des Manuscrits, latin 15181"
siglum_434,F-Pnm lat. 15182,"Paris, Bibliothèque nationale de France - Département des Manuscrits, latin 15182"
siglum_435,F-Pnm lat. 776,"Paris, Bibliothèque nationale de France - Département des Manuscrits, latin 776"
siglum_436,F-Pnm lat. 776,"Paris, Bibliothèque nationale de France - Département des Manuscrits, latin 776"
siglum_437,F-Pnm lat. 943,"Bibliothèque nationale de France, Département des manuscrits, Latin 943"
siglum_438,F-Pnm n.a.lat. 1411,"Paris, Bibliothèque nationale de France - Département des Manuscrits, nouv. acq. latin 1411"
siglum_439,F-Pnm n.a.lat. 1412,"Paris, Bibliothèque nationale de France - Département des Manuscrits, nouv. acq. latin 1412"
siglum_440,F-Pnm n.a.lat. 1535,"Paris, Bibliothèque nationale de France - Département des Manuscrits, nouv. acq. latin 1535"
siglum_441,F-R 248,"Rouen, Bibliothèque municipale, 248 (olim  A. 339)"
siglum_442,F-RS 224,"Reims, Bibliothèque municipale, 224"
siglum_443,F-RS 285,"Reims, Bibliothèque municipale, 285 (169)"
siglum_444,F-RSm 227,"Reims, Bibliothèque municipale, 227 (122)"
siglum_445,F-Rm 249,"Rouen, Bibliothèque municipale, ms 249 (A. 280)"
siglum_446,F-SO 596,"Solesmes, Abbaye de Saint-Pierre, 596 (The Wilton Processional)"
siglum_447,F-TOm 149,"Tours, Bibliothèque municipale, 149"
siglum_448,F-VAL 114,"Valenciennes, Bibliothèque municipale, 114"
siglum_449,F-VN 759,"Verdun, Bibliothèque Municipale, 759"
siglum_450,GB-AB 20541 E,"Aberystwyth, Llyfrgell Genedlaethol Cymru (National Library of Wales), 20541 E"
siglum_451,GB-Ccc 473,"Cambridge, Corpus Christi College, 473"
siglum_452,GB-Ccc Ms. 146,"Great Britain, Corpus Christi College, Cambridge, Ms. 146"
siglum_453,GB-Cu Mm.ii.9,"Cambridge, University Library, Mm.ii.9"
siglum_454,GB-Cu add710,"Cambridge, University Library, additional 710"
siglum_455,GB-Lbl 2.B.IV,"London, British Library, Royal 2.B.IV"
siglum_456,GB-Lbl 8.C.XIII,"London, British Library, Royal 8 C. XIII"
siglum_457,GB-Lbl Add 23935,"London, British Library, Additional 23935"
siglum_458,GB-Lbl Add. 57337,"London, British Library, Additional Collection, MS. 57337"
siglum_459,GB-Lbl Cot.Cal A.xiv,"London, British Library, Cotton MS Caligula A.xiv"
siglum_460,GB-Lbl add.11414,"London, British Library, add. 11 414"
siglum_461,GB-Lbl add.12194,"London, British Library, add. 12 195"
siglum_462,GB-Lbl add.16905,"London, British Library, add. 16 905"
siglum_463,GB-Lbl add.18031,"London, British Library, add. 18 031"
siglum_464,GB-Lbl add.18032,"London, British Library, add. 18 032"
siglum_465,GB-Lbl add.19768,"London, British Library, add. 19 768"
siglum_466,GB-Lbl add.19768t,"London, British Library, Add. 19 768"
siglum_467,GB-Lbl add.24680,"London, British Library add. 24 680"
siglum_468,GB-Ob B775,"Oxford, Bodleian Library, Bodley 775"
siglum_469,GB-Ob Can. Lit. 202,"Oxford, Bodleian Library, MS. Canon. Liturg. 202 (olim 19314)"
siglum_470,GB-Ob Douce 222,"Oxford, Bodleian Library, Douce 222"
siglum_471,GB-Ob Lat. Lit. b 14,"Oxford, Bodleian, Lat. Lit. b 14"
siglum_472,GB-Ob Laud Misc. 284,"Oxford, Bodleian Library, MS. Laud Misc. 284"
siglum_473,GB-Ob Ss27,"Oxford, Bodleian Library, Selden supra 27"
siglum_474,GB-Ob can.lit.340,"Oxford, Bodleian Library, canon. liturg. 340"
siglum_475,GB-Ob can.lit.341,"Oxford, Bodleian Library, canon. liturg. 341"
siglum_476,GB-Ob can.lit.354,"Oxford, Bodleian Library, canon. liturg. 354"
siglum_477,GB-Ob lat.lit.b.5,"Oxford, Bodleian Library, Lat. Liturg. b. 5"
siglum_478,GB-WO F.160,"Worcester, Cathedral - Music Library, F.160 (olim 1247) (with hymnal)"
siglum_479,GB-WO F.160 (Facs),"Worcester, Cathedral - Music Library, F.160 (olim 1247) (facsimile)"
siglum_480,GOTTSCHALK,Gottschalk Antiphoner (fragments)
siglum_481,H-Bu lat. 118,"Budapest, Egyetemi Könyvtár (University Library), lat. 118"
siglum_482,H-Bu lat. 119,"Budapest, Egyetemi Könyvtár (University Library), lat. 119"
siglum_483,H-Bu lat. 121,"Budapest, Egyetemi Könyvtár (University Library), lat. 121"
siglum_484,H-Bu lat. 122,"Budapest, Egyetemi Könyvtár (University Library), lat. 122"
siglum_485,HR-Hf Cod. C,"Dubrovnik, Franjevački Samostan (Franciscan Monastery), Cod. C Nr. 4"
siglum_486,HR-Hf Cod. D,"Dubrovnik, Franjevački Samostan (Franciscan Monastery), Cod. D Nr. 5"
siglum_487,HR-Hf Cod. E,"Dubrovnik, Franjevački Samostan (Franciscan Monastery), Cod. E Nr. 3"
siglum_488,HR-Hf Cod. F,"Dubrovnik, Franjevački Samostan (Franciscan Monastery), Cod. F Nr. 6"
siglum_489,HR-Zmk MR 72,Metropolitanska Knjižnica MR 72
siglum_490,HR-ŠIBf sn,"Šibenik, Franciscan Monastery, sine signo"
siglum_491,I-AO 6,"Aosta, Seminario Maggiore - Biblioteca, 6"
siglum_492,I-Ac 693,"Assisi, Biblioteca comunale, 693"
siglum_493,I-Ac 694,"Assisi, Biblioteca comunale, 694"
siglum_494,I-Ac 695,"Assisi, Biblioteca Comunale 695"
siglum_495,I-Ad 5,"Assisi, Cattedrale San Rufino - Archivio e Biblioteca, 5"
siglum_496,I-BAca (199),"Bari, Biblioteca Capitolare"
siglum_497,I-BV 19,"Benevento, Archivio Capitolare, V 19"
siglum_498,I-BV 20,"Benevento, Archivio Capitolare, V 20"
siglum_499,I-BV 34,"Benevento, Biblioteca capitulore, VI 34"
siglum_500,I-BV 35,"Benevento, Biblioteca capitolare, VI 35"
siglum_501,I-BV 38,"Benevento, Biblioteca capitolare, cod. VI 38"
siglum_502,I-BV 39,"Benevento, Biblioteca capitulore, VI 39"
siglum_503,I-Bu 2748,"Bologna, Biblioteca universitaria, 2748"
siglum_504,I-Bu 2824,"Bologna, Biblioteca universitaria, 2824"
siglum_505,I-CF 56,"Cividale del Friuli, Archivio Capitolare, LVI"
siglum_506,I-CF 58,"Cividale del Friuli, Archivio Capitolare, LVIII"
siglum_507,I-CHV,"Chiavenna, Tesoro della Collegiata di S. Lorenzo - Museo Capitolare, s.c."
siglum_508,I-Far,"Firenze (Florence), Arcivescovado - Biblioteca, s.c."
siglum_509,I-Fl Conv. sopp. 560,"Firenze (Florence), Biblioteca Medicea-Laurenziana, Conv. sopp. 560"
siglum_510,I-INp 5,"Intra, Archivio Parrocchiale, ms 5"
siglum_511,I-IV 60,"Ivrea, Biblioteca capitolare, 60"
siglum_512,I-IV 60,"Ivrea, Biblioteca capitolare, 60"
siglum_513,I-Lc 601,"Lucca, Biblioteca Capitolare Feliniana e Biblioteca Arcivescovile, 601"
siglum_514,I-Lcr 5,"Lucca, Biblioteca Arcivescovile, MS 5"
siglum_515,I-MC 542,"Montecassino, Monumento Nazionale di Montecassino - Biblioteca, 542"
siglum_516,I-MOc O.I.16,"Modena, Biblioteca capitolare, O,I.16"
siglum_517,I-MOd O.I.7,"Modena, Biblioteca capitolare, O. I. 7"
siglum_518,I-MZ 15/79,"Monza, Basilica di S. Giovanni Battista - Biblioteca Capitolare e Tesoro, 15/79"
siglum_519,I-MZ 76,"Monza, Biblioteca capitolare, c. 13/76"
siglum_520,I-MZ 77,"Monza, Biblioteca capitolare, c. 14/77"
siglum_521,I-Mb AE XIV 12,"Milano, Biblioteca nazionale Braidense, AE XIV 12"
siglum_522,I-Nn vi.E.20,"Napoli, Biblioteca nazionale Vittorio Emanuele III, vi. E. 20"
siglum_523,I-PCd 65,"Piacenza, Biblioteca capitolare 65"
siglum_524,I-PCsa 65,"Piacenza, Basilica di S. Antonino - Biblioteca e Archivio Capitolari, 65"
siglum_525,I-PS 121,"Pistoia, Biblioteca capitolare, 121"
siglum_526,I-Pc 47,"Padova, Biblioteca capitolare, A. 47"
siglum_527,I-Pc B16*,I-Pc B16*
siglum_528,I-Pc C55,"Padova, Biblioteca Capitolare, MS C.55"
siglum_529,I-Ps 697,"Padua, Biblioteca del Seminario, 697"
siglum_530,I-Ps MS 697,"Padova, Biblioteca del Seminario vescovile, 697"
siglum_531,I-Ra 123,"Roma, Biblioteca Angelica, 123"
siglum_532,I-Rn 1343,"Roma, Biblioteca nazionale 1343"
siglum_533,I-Rss XIV L1 (Antiphonale),"Rome, Santa Sabina, XIV L1 (""Humbert"" codex)"
siglum_534,I-Rss XIV L1 (Graduale),"Rome, Santa Sabina, Archivum Generale Ordinis Praedicatorum, XIV L1"
siglum_535,I-Rv C.5,"Roma, Biblioteca Vallicelliana, C.5"
siglum_536,I-Rvat 5319,"Citta Vaticana, Biblioteca Vaticana, Vat. lat. 5319"
siglum_537,I-Rvat Capp.Sist.27,"Città del Vaticano (Roma), Biblioteca Apostolica Vaticana, Cappella Sistina 27"
siglum_538,I-Rvat Reg1529,"Citta Vaticana, Biblioteca Apostolica Vaticana, Reg. lat. 1529"
siglum_539,I-Rvat Reg318,"Citta Vaticana, Biblioteca Apostolica Vaticana, Reg. lat. 318"
siglum_540,I-Rvat SP B.79,"Città del Vaticano (Roma), Biblioteca Apostolica Vaticana, San Pietro B.79"
siglum_541,I-Rvat lat. 8737,"Città del Vaticano (Roma), Biblioteca Apostolica Vaticana, lat. 8737"
siglum_542,I-Tn F. IV. 18,"Torino, Biblioteca nazionale F. IV. 18"
siglum_543,I-Tn G. V. 20,"Torino, Biblioteca nazionale G. V. 20"
siglum_544,I-UDs Codice 7,"Udine, Biblioteca del Seminario Arcivescovile, Codice 7"
siglum_545,I-VCd 146,"Vercelli, Biblioteca Capitolare, 146"
siglum_546,I-VCd 161,"Vercelli, Biblioteca Capitolare, 161"
siglum_547,I-VCd 162,"Vercelli, Biblioteca Capitolare, 162"
siglum_548,I-VCd CLXX,"Vercelli, Biblioteca Capitolare, CLXX"
siglum_549,I-VEcap 107,"Verona, Biblioteca Capitolare CVII    [107]"
siglum_550,I-VEcap 90,"Verona, Biblioteca Capitolare XC (85)"
siglum_551,I-Vlevi CF D 21,I-Vlevi CF D 21
siglum_552,IRL-Dtc 100,"Dublin, Trinity College   ms 100"
siglum_553,IRL-Dtc 81,"Dublin, Trinity College, ms 81"
siglum_554,Jan98 test,Jan98 test
siglum_555,MA Impr. 1537,Münster Antiphoner (1537)
siglum_556,"McGill, Fragment 21","Montreal McGill, Fragment 21"
siglum_557,N-N.miss.imp.1519,Nidaros   Missale
siglum_558,NL-At 206 A 11,"Amsterdam, Toonkunstbibl. 206 A 11"
siglum_559,NL-Au I A 8,"Amsterdam, Universiteitsbibliotheek, I. A. 8"
siglum_560,NL-Au I C 17,"Amsterdam, Universiteitsbibliotheek, I. C. 17"
siglum_561,NL-D 10 T 3,"Deventer, Athenaeum-Bibliotheek, 10 T 3"
siglum_562,NL-D 11 L 2,"Deventer, Athenaeum-Bibliotheek, 11 L 2"
siglum_563,NL-DBsj 216-2,"s’Hertogenbosch, Archief van de Sint-Jan (Bouwloods), 216-2"
siglum_564,NL-DHk 128 D 29,"Den Haag, Koninklije Bibliotheek  128 D 29"
siglum_565,NL-DHk 70 E 4,"Den Haag, Koninklijke Bibliotheek - Nationale Bibliotheek van Nederland, 70 E 4"
siglum_566,NL-DHk 71 A 21,"Den Haag, Koninklije Bibliotheek, 71 A 21"
siglum_567,NL-DHk 71 A 4,"Den Haag, Koninklije Bibliotheek KB  71 A 4"
siglum_568,NL-DHk 76 D 14,"Den Haag, Koninklije Bibliotheek  76 D 14"
siglum_569,NL-DHk 76 E 18,"Den Haag, Koninklijke Bibliotheek - Nationale Bibliotheek van Nederland, 76 E 18"
siglum_570,NL-DHk 76 E 2,"Den Haag, Koninklije Bibliotheek  76 E 2"
siglum_571,NL-DHk 78 A 33,"Den Haag, Koninklije Bibliotheek, 78 A 33"
siglum_572,NL-Hs 184 C 1,"Haarlem, Stadsbibliotheek 184 C 1"
siglum_573,NL-Hs 184 C 2,"Haarlem, Stadsbibliotheek 184 C 2"
siglum_574,NL-Hs 184 C 7,"Haarlem, Stadsbibliotheek 184 C 7"
siglum_575,NL-Hs 187 C 17,"Haarlem, Stadsbibliotheek 187 C 17"
siglum_576,NL-Lu BPL 2777,"Leiden, Universiteitsbibliotheek BPL 2777"
siglum_577,NL-Lu BPL 2879,"Leiden, Universiteitsbibliotheek BPL 2879"
siglum_578,NL-Uc ABM 62,"Utrecht, Catharijneconvent, ABM h 62"
siglum_579,NL-Uc BHM 149,"Utrecht, Catharijneconvent, BMH h. 149"
siglum_580,NL-Uc BMH 20,"Haarlem, Bischopse Museum, BMH h 20"
siglum_581,NL-Uc BMH 21,"Utrecht, Catharijneconvent,  BMH h. 21"
siglum_582,NL-Uc BMH 8,"Utrecht, Catherijneconvent, BMH h 8"
siglum_583,NL-Uc BMH Warm,"Utrecht, Catharijneconvent, BMH Warm h 92 H 1"
siglum_584,NL-Ura 166-41,"Utrecht, Rijksarchief, Rechterlijke archieven vóór1811, Nr. 166-41"
siglum_585,NL-Uu 402,"Utrecht, Universiteitsbibliotheek 402 (V. A. 13)"
siglum_586,NL-Uu 403,"Utrecht, Universiteitsbibliotheek 403 (VIII. B. 2)"
siglum_587,NL-Uu 405,"Utrecht, Universiteitsbibliotheek 405 (III. K. 3)"
siglum_588,NL-Uu 406,"Utrecht, Universiteitsbibliotheek, 406 (III. J. 7)"
siglum_589,NL-Uu 406 (3 J 7),"Utrecht, Universiteitsbibliotheek, Ms. 406 (shelfmark 3 J 7)"
siglum_590,NL-Uu 407,"Utrecht, Universiteitsbibliotheek 407 (3 J 6)"
siglum_591,NL-Uu 413,"Utrecht, Universiteitsbibliotheek 413"
siglum_592,NL-Uu 415,"Utrecht, Universiteitsbibliotheek 415 (VI. A. 1)"
siglum_593,NL-Uu 417,"Utrecht, Universiteitsbibliotheek  417 (5. C. 19)"
siglum_594,NL-ZUa 6,"Zutphen, Stadsarchief en Stedelijke Bibliotheek, 6"
siglum_595,NL-Zga 2,"Zutphen, Gemeentearchief GAZ 2"
siglum_596,NZ-Wt MSR-03,"Wellington (New Zealand), The Alexander Turnbull Library - Rare Books, MSR-03"
siglum_597,PL-GNd 149,"Gniezno, Archiwum Archidiecezjalne, 149"
siglum_598,PL-KIk 1,"Kielce, Biblioteka Kapituły Katedralnej, Ms. 1"
siglum_599,PL-Kkar 1 (Rkp 12),"Kraków, Klastor OO. Karmelitów na Piasku (Carmelite Convent), Ms.1 (rkp. Perg. 12)"
siglum_600,PL-Kkar 2 (Rkp 14),"Kraków, Klastor OO. Karmelitów na Piasku (Carmelite Convent), Ms.2 (rkp. Perg. 14)"
siglum_601,PL-Kkar 3 (Rkp 15),"Kraków, Klastor OO. Karmelitów na Piasku (Carmelite Convent), Ms.3 (rkp. Perg. 15)"
siglum_602,PL-Kkar 4 (Rkp 20),"Kraków, Klastor OO. Karmelitów na Piasku (Carmelite Convent), Ms.4 (rkp. Perg. 20)"
siglum_603,PL-Kkar 5 (Rkp 13),"Kraków, Klastor OO. Karmelitów na Piasku (Carmelite Convent), Ms.5 (rkp. Perg. 13)"
siglum_604,PL-WRu I F 401,"Wroclaw, Biblioteka Uniwersytecka (University Library), I F 401"
siglum_605,PL-WRu IV.Q.81,"Wroclaw, Biblioteka Uniwersytecka IV.Q.81"
siglum_606,PL-WRu R 503,"Wrocław, Biblioteka Uniwersytecka, Ms. R 503"
siglum_607,PL-WRzno 12025/IV,"Wrocław, Zakład Narodowy im. Ossolińskich, Biblioteka, Rkp. 12025/IV"
siglum_608,SA-CT Grey 3c23,"Cape Town, South African Library, Grey 4c7"
siglum_609,SI-Lna 18 (olim 17),"Ljubljana, Nadškofijski arhiv (Archiepiscopal Archives), 18 (olim 17)"
siglum_610,SI-Lna 19 (olim 18),"Ljubljana, Nadškofijski arhiv (Archiepiscopal Archives), 19 (olim 18)"
siglum_611,SK-Bra BMI EC Lad.3 EL18,"Bratislava, State Archive Bratislava, EC.Lad.3"
siglum_612,TR-Itks 42,"Istanbul, Topkapı Sarayı Müzesi, Deissmann 42"
siglum_613,US-AUS HRC 13,"Austin, Harry Ransom Center, HRC 13"
siglum_614,US-AUS HRC Leaf A29,"Austin, Harry Ransom Center, HRC Leaf A29"
siglum_615,US-AUS HRC Leaf A36,"Austin, Harry Ransom Center, HRC Leaf A36"
siglum_616,US-AUS HRC Leaf A37,"Austin, Harry Ransom Center, HRC Leaf A37"
siglum_617,US-AUS HRC Leaf A38,"Austin, Harry Ransom Center, HRC Leaf A38"
siglum_618,US-AUS HRC Leaf A39,"Austin, Harry Ransom Center, HRC Leaf A39"
siglum_619,US-AUS HRC Leaf A40,"Austin, Harry Ransom Center, HRC Leaf A40"
siglum_620,US-Augusta GR/MS.020,"Augusta (GA), Augusta-Richmond County Library, GR/MS.020"
siglum_621,US-BM 50,"Bryn Mawr, Bryn Mawr College Special Collection, 50"
siglum_622,US-CaI 1911.142b,"Chicago, Art Institute of Chicago,"
siglum_623,US-Cai 1911.142b,"Chicago, Art Institute of Chicago, Mrs. William E. Kelley Collection, 1911.142b"
siglum_624,US-Cai 1911.142b,"Chicago, Art Institute of Chicago, 1911.142b"
siglum_625,US-Cai 1911.142b,"Chicago, Art Institute of Chicago, Mrs. William E Kelley Collection, 1911.142b"
siglum_626,US-Cn 181,"Chicago, The Newberry Library, case 181"
siglum_627,US-Cn 24,"Chicago, Newberry Library, 24"
siglum_628,US-Cn 59.1,"Chicago, The Newberry Library, case 59.1"
siglum_629,US-HA Rauner Codex MS 003203,"Hanover, NH, Dartmouth College Library, Rauner Codex MS 003203"
siglum_630,US-LAg 64,"Los Angeles, J. Paul Getty Museum, Ms. 64"
siglum_631,US-NYcub Barnard 1,"New York, Columbia University, Rare Book and Manuscript Library"
siglum_632,US-NYcub Plimpton 34,"New York, Columbia University, Rare Book and Manuscript Library, Plimpton MS 034"
siglum_633,US-NYcub Plimpton 41,"New York, Columbia University, Rare Book and Manuscript Library, Plimpton MS 041"
siglum_634,US-PRu Princeton MS. 245,"Princeton , Princeton University Archive, Princeton MS. 245"
siglum_635,US-Private Frag0001,"Private Collection, USA, Frag0001"
siglum_636,US-Private Frag0002,"Private Collection, USA, Frag0002"
siglum_637,"US-QK41.F8 1542, c.2","St Louis, Peter H. Raven Library (Missouri Botanical Library), QK41.F8 1542, c.2"
siglum_638,"US-STu M2223, Item 42","An Antiphonal from the parish at Santa Maria sopra Porta-- Stanford Libraries, Department of Special Collections: Manuscript Collection: M2223, Item 42"
